{
  "summary": {
    "gpt2_large": {
      "truth_epistemic_all": {
        "peak_layer": 22,
        "peak_layer_normalized": 0.6111111111111112,
        "peak_accuracy": 0.548,
        "peak_accuracy_std": 0.050556898639058136,
        "mean_accuracy": 0.5244324324324324,
        "final_layer_accuracy": 0.524,
        "n_layers": 36
      },
      "truth_epistemic_cities": {
        "peak_layer": 22,
        "peak_layer_normalized": 0.6111111111111112,
        "peak_accuracy": 0.835,
        "peak_accuracy_std": 0.04898979485566357,
        "mean_accuracy": 0.7362162162162161,
        "final_layer_accuracy": 0.73,
        "n_layers": 36
      },
      "truth_epistemic_sp_en_trans": {
        "peak_layer": 15,
        "peak_layer_normalized": 0.4166666666666667,
        "peak_accuracy": 0.56,
        "peak_accuracy_std": 0.09027735042633896,
        "mean_accuracy": 0.5125675675675676,
        "final_layer_accuracy": 0.5199999999999999,
        "n_layers": 36
      },
      "truth_epistemic_common_claims": {
        "peak_layer": 19,
        "peak_layer_normalized": 0.5277777777777778,
        "peak_accuracy": 0.685,
        "peak_accuracy_std": 0.0254950975679639,
        "mean_accuracy": 0.6360810810810811,
        "final_layer_accuracy": 0.655,
        "n_layers": 36
      },
      "truth_epistemic_companies": {
        "peak_layer": 16,
        "peak_layer_normalized": 0.4444444444444444,
        "peak_accuracy": 0.63,
        "peak_accuracy_std": 0.07314369419163896,
        "mean_accuracy": 0.5316216216216215,
        "final_layer_accuracy": 0.5149999999999999,
        "n_layers": 36
      },
      "truth_epistemic_larger_than": {
        "peak_layer": 16,
        "peak_layer_normalized": 0.4444444444444444,
        "peak_accuracy": 0.865,
        "peak_accuracy_std": 0.0561248608016091,
        "mean_accuracy": 0.7666216216216216,
        "final_layer_accuracy": 0.7300000000000001,
        "n_layers": 36
      },
      "agreement_nonepistemic": {
        "peak_layer": 19,
        "peak_layer_normalized": 0.5277777777777778,
        "peak_accuracy": 0.95,
        "peak_accuracy_std": 0.048591265790377515,
        "mean_accuracy": 0.8369369369369368,
        "final_layer_accuracy": 0.8083333333333333,
        "n_layers": 36
      },
      "type_classification": {
        "peak_layer": 21,
        "peak_layer_normalized": 0.5833333333333334,
        "peak_accuracy": 1.0,
        "peak_accuracy_std": 0.0,
        "mean_accuracy": 0.9558558558558556,
        "final_layer_accuracy": 0.9833333333333332,
        "n_layers": 36
      }
    },
    "gpt2_medium": {
      "truth_epistemic_all": {
        "peak_layer": 11,
        "peak_layer_normalized": 0.4583333333333333,
        "peak_accuracy": 0.5640000000000001,
        "peak_accuracy_std": 0.03839270764090492,
        "mean_accuracy": 0.53172,
        "final_layer_accuracy": 0.507,
        "n_layers": 24
      },
      "truth_epistemic_cities": {
        "peak_layer": 15,
        "peak_layer_normalized": 0.625,
        "peak_accuracy": 0.825,
        "peak_accuracy_std": 0.05,
        "mean_accuracy": 0.6920000000000001,
        "final_layer_accuracy": 0.5,
        "n_layers": 24
      },
      "truth_epistemic_sp_en_trans": {
        "peak_layer": 24,
        "peak_layer_normalized": 1.0,
        "peak_accuracy": 0.55,
        "peak_accuracy_std": 0.0632455532033676,
        "mean_accuracy": 0.5036,
        "final_layer_accuracy": 0.55,
        "n_layers": 24,
        "peak_selectivity": 0.06000000000000005
      },
      "truth_epistemic_common_claims": {
        "peak_layer": 21,
        "peak_layer_normalized": 0.875,
        "peak_accuracy": 0.6900000000000001,
        "peak_accuracy_std": 0.07516648189186456,
        "mean_accuracy": 0.6344,
        "final_layer_accuracy": 0.5349999999999999,
        "n_layers": 24
      },
      "truth_epistemic_companies": {
        "peak_layer": 5,
        "peak_layer_normalized": 0.20833333333333334,
        "peak_accuracy": 0.6050000000000001,
        "peak_accuracy_std": 0.07483314773547882,
        "mean_accuracy": 0.5488,
        "final_layer_accuracy": 0.485,
        "n_layers": 24
      },
      "truth_epistemic_larger_than": {
        "peak_layer": 9,
        "peak_layer_normalized": 0.375,
        "peak_accuracy": 0.885,
        "peak_accuracy_std": 0.03741657386773941,
        "mean_accuracy": 0.7720000000000001,
        "final_layer_accuracy": 0.6699999999999999,
        "n_layers": 24
      },
      "agreement_nonepistemic": {
        "peak_layer": 12,
        "peak_layer_normalized": 0.5,
        "peak_accuracy": 0.9083333333333334,
        "peak_accuracy_std": 0.06123724356957946,
        "mean_accuracy": 0.8016666666666667,
        "final_layer_accuracy": 0.5416666666666667,
        "n_layers": 24,
        "peak_selectivity": 0.4125000000000001
      },
      "type_classification": {
        "peak_layer": 14,
        "peak_layer_normalized": 0.5833333333333334,
        "peak_accuracy": 1.0,
        "peak_accuracy_std": 0.0,
        "mean_accuracy": 0.9291666666666667,
        "final_layer_accuracy": 0.9208333333333332,
        "n_layers": 24
      }
    },
    "gpt2_small": {
      "truth_epistemic_all": {
        "peak_layer": 5,
        "peak_layer_normalized": 0.4166666666666667,
        "peak_accuracy": 0.5349999999999999,
        "peak_accuracy_std": 0.054680892457969255,
        "mean_accuracy": 0.5063846153846153,
        "final_layer_accuracy": 0.48600000000000004,
        "n_layers": 12
      },
      "truth_epistemic_cities": {
        "peak_layer": 9,
        "peak_layer_normalized": 0.75,
        "peak_accuracy": 0.6950000000000001,
        "peak_accuracy_std": 0.04847679857416329,
        "mean_accuracy": 0.628076923076923,
        "final_layer_accuracy": 0.6399999999999999,
        "n_layers": 12
      },
      "truth_epistemic_sp_en_trans": {
        "peak_layer": 12,
        "peak_layer_normalized": 1.0,
        "peak_accuracy": 0.545,
        "peak_accuracy_std": 0.045825756949558406,
        "mean_accuracy": 0.5149999999999999,
        "final_layer_accuracy": 0.545,
        "n_layers": 12,
        "peak_selectivity": 0.04750000000000004
      },
      "truth_epistemic_common_claims": {
        "peak_layer": 9,
        "peak_layer_normalized": 0.75,
        "peak_accuracy": 0.65,
        "peak_accuracy_std": 0.035355339059327376,
        "mean_accuracy": 0.6042307692307692,
        "final_layer_accuracy": 0.555,
        "n_layers": 12
      },
      "truth_epistemic_companies": {
        "peak_layer": 5,
        "peak_layer_normalized": 0.4166666666666667,
        "peak_accuracy": 0.615,
        "peak_accuracy_std": 0.09300537618869135,
        "mean_accuracy": 0.5592307692307693,
        "final_layer_accuracy": 0.5299999999999999,
        "n_layers": 12
      },
      "truth_epistemic_larger_than": {
        "peak_layer": 5,
        "peak_layer_normalized": 0.4166666666666667,
        "peak_accuracy": 0.805,
        "peak_accuracy_std": 0.03999999999999998,
        "mean_accuracy": 0.7453846153846155,
        "final_layer_accuracy": 0.705,
        "n_layers": 12
      },
      "agreement_nonepistemic": {
        "peak_layer": 8,
        "peak_layer_normalized": 0.6666666666666666,
        "peak_accuracy": 0.8666666666666666,
        "peak_accuracy_std": 0.04082482904638631,
        "mean_accuracy": 0.7519230769230769,
        "final_layer_accuracy": 0.5916666666666667,
        "n_layers": 12,
        "peak_selectivity": 0.3708333333333333
      },
      "type_classification": {
        "peak_layer": 8,
        "peak_layer_normalized": 0.6666666666666666,
        "peak_accuracy": 0.9916666666666666,
        "peak_accuracy_std": 0.010206207261596593,
        "mean_accuracy": 0.9192307692307693,
        "final_layer_accuracy": 0.9458333333333334,
        "n_layers": 12,
        "peak_selectivity": 0.4854166666666665
      }
    },
    "gpt2_xl": {
      "truth_epistemic_all": {
        "peak_layer": 40,